id,first_name,last_name,email,gender,school
1,Kirsten,Bettley,kbettley0@seattletimes.com,Female,Jigjiga University
2,Aryn,Morfield,amorfield1@google.it,Female,International Burch University
3,Jana,Whitrod,jwhitrod2@hubpages.com,Female,Taj International College
4,Latashia,Jeske,ljeske3@tinypic.com,Female,Guilan University of Medical Sciences
5,Heinrik,Jenne,hjenne4@wsj.com,Male,Mahanakorn University of Technology
6,Lin,Vest,lvest5@163.com,Male,Usmanu Danfodiyo University Sokoto
7,Del,Rosterne,drosterne6@php.net,Male,Université Notre Dame d'Haïti
8,Dannie,Lacknor,dlacknor7@macromedia.com,Male,Universidad de Matanzas Camilo Cienfuegos
9,Tybi,Partlett,tpartlett8@ow.ly,Female,"DeVry Institute of Technology, Phoenix"
10,Darbee,Kohnert,dkohnert9@list-manage.com,Male,Tay Nguyen University
11,Aylmar,Ruby,arubya@msu.edu,Male,Kagoshima Immaculate Heart University
12,Charita,Hammarberg,chammarbergb@gravatar.com,Female,Kyushu Institute of Technology
13,Margret,Bliven,mblivenc@unicef.org,Female,Universidade Federal de Viçosa
14,Linnet,Andreoletti,landreolettid@columbia.edu,Female,"California State University, Chico"
15,Hersh,Dederick,hdedericke@telegraph.co.uk,Male,Uttarakhand Open University 
16,Rockie,Durling,rdurlingf@ibm.com,Male,Lviv National Medical Univeristy
17,Freeland,McTavish,fmctavishg@feedburner.com,Male,St. Peter's College
18,Darcey,Robertacci,drobertaccih@gmpg.org,Female,Missouri Tech
19,Corette,Reese,creesei@qq.com,Female,Brown University
20,Ingeborg,Cockarill,icockarillj@elegantthemes.com,Non-binary,Ajman University of Science & Technology
21,Siusan,Sute,ssutek@uiuc.edu,Female,Universidad Don Vasco
22,Robyn,Vel,rvell@smh.com.au,Female,Gokhale Institute of Politics and Economics
23,Rich,Duval,rduvalm@blogtalkradio.com,Male,Aichi University of Education
24,Peggi,Riguard,priguardn@hao123.com,Non-binary,Chukyo Women's University
25,Archibald,Doubrava,adoubravao@com.com,Male,Universidad Dominicana O&M
26,Edithe,Lennard,elennardp@gravatar.com,Genderfluid,Kyorin University
27,Phylis,Glossop,pglossopq@oaic.gov.au,Female,Universidad de Extremadura
28,Dorrie,Talman,dtalmanr@canalblog.com,Female,Southeast Missouri State University
29,Augustine,Covelle,acovelles@house.gov,Female,St. Petersburg State Polytechnical University
30,Thorstein,Lile,tlilet@imdb.com,Male,Rose-Hulman Institute of Technology
31,Matt,Dugmore,mdugmoreu@timesonline.co.uk,Male,University of Jos
32,Lowrance,Hintze,lhintzev@nbcnews.com,Male,Université Catholique de l' Ouest
33,Romain,Robrow,rrobroww@ted.com,Male,Great Lakes Christian College
34,Ciro,Chaytor,cchaytorx@wikimedia.org,Male,Dokkyo University School of Medicine
35,Miriam,McComiskie,mmccomiskiey@thetimes.co.uk,Female,DePauw University
36,Melanie,Kuban,mkubanz@g.co,Female,Institute of Science and Technology
37,Orran,Noel,onoel10@dailymotion.com,Male,Bates College
38,Hugo,Rigts,hrigts11@elpais.com,Male,Hanazono University
39,Robers,Kempton,rkempton12@virginia.edu,Male,University of Maryland Eastern Shore
40,Bettye,Meaton,bmeaton13@t.co,Genderfluid,Huizhou University
41,Esme,Donkersley,edonkersley14@census.gov,Female,Academia de Studii Economice din Bucuresti
42,Monty,Lockart,mlockart15@nymag.com,Male,Ching Kuo Institue of Management & Health
43,Kaitlynn,Wilkes,kwilkes16@meetup.com,Female,Universidad de Santiago de Compostela
44,Cori,Kopec,ckopec17@wordpress.org,Male,University of Twente
45,Eldridge,Larvor,elarvor18@hao123.com,Male,Université de Douala
46,Deerdre,Kirimaa,dkirimaa19@baidu.com,Female,Technological University (Kyaing Tong)
47,Archambault,Devinn,adevinn1a@constantcontact.com,Male,Belarussian State University of Transport
48,Roxanna,Dockerty,rdockerty1b@narod.ru,Female,University of Medicine and Pharmacy of Targu Mures
49,Katti,Rothery,krothery1c@mozilla.com,Female,"Universidad de Puerto Rico, Ponce"
50,Godfree,Langeren,glangeren1d@plala.or.jp,Bigender,Universidad Nacional de Tucumán
51,Hetti,Sottell,hsottell1e@sakura.ne.jp,Female,Ambo University
52,Standford,O'Hoey,sohoey1f@vinaora.com,Male,Najaf Abad University of Applied Science and Technology
53,Eadie,Jobern,ejobern1g@yellowpages.com,Non-binary,Fachhochschule Schmalkalden
54,Peggi,Anthon,panthon1h@answers.com,Female,University of Stirling
55,Barrie,Parnby,bparnby1i@wikispaces.com,Female,"City University of New York, School of Law at Queens College"
56,Arvin,Edmeads,aedmeads1j@sina.com.cn,Male,Kermanshah University of Medical Sciences
57,Hedi,Kirkbride,hkirkbride1k@imdb.com,Female,University of Petrosani
58,Natasha,Kilban,nkilban1l@hhs.gov,Female,University of Alabama - Tuscaloosa
59,Woodman,Pugh,wpugh1m@nbcnews.com,Male,Université d'Artois
60,Rancell,Wandrich,rwandrich1n@opera.com,Male,Berea College
61,Troy,Verecker,tverecker1o@timesonline.co.uk,Male,Naruto University of Education
62,Roxy,Madill,rmadill1p@icq.com,Non-binary,Izmir Economic University
63,Waring,Whate,wwhate1q@reddit.com,Male,Tel Aviv University
64,Kippie,Teeney,kteeney1r@blogspot.com,Male,Heriot-Watt University
65,Emile,Henriquet,ehenriquet1s@deliciousdays.com,Male,Aurora University
66,Judie,Millsap,jmillsap1t@nih.gov,Female,Université Virtuelle de Tunis
67,Julian,Marques,jmarques1u@patch.com,Male,Michigan School of Professional Psychology
68,Sheryl,Adey,sadey1v@mashable.com,Female,Universidad del Tepeyac
69,Sal,Weatherley,sweatherley1w@mashable.com,Polygender,Mashhad University of Medical Sciences
70,Lee,Ivie,livie1x@nytimes.com,Female,Kyoto Institute of Technology
71,Taffy,Crame,tcrame1y@wired.com,Female,Kalamazoo College
72,Harriot,Gerhartz,hgerhartz1z@dagondesign.com,Female,McPherson College
73,Ervin,Langcastle,elangcastle20@google.it,Male,Technological Education Institute of Piraeus
74,Stafford,Cushworth,scushworth21@g.co,Male,Strayer University
75,Arte,Netti,anetti22@sogou.com,Male,Universität für künstlerische und industrielle Gestaltung Linz
76,Timi,Shanks,tshanks23@jalbum.net,Female,Pace University
77,Tanhya,Eim,teim24@yolasite.com,Female,McPherson College
78,Mychal,Renney,mrenney25@booking.com,Male,Karachi School of Art
79,Sydney,Willetts,swilletts26@multiply.com,Male,Kobe Shinwa Women's University
80,Arney,Barraclough,abarraclough27@sogou.com,Male,Universidade da Amazônia
81,Nicolai,Minchinton,nminchinton28@google.es,Male,St. Andrew's University
82,Dehlia,Cawsby,dcawsby29@dailymotion.com,Female,Universidade Regional Integrada do Alto Uruguai e das Missões
83,Fraze,Kirkbride,fkirkbride2a@redcross.org,Male,Universität Paderborn
84,Geoffrey,McKinstry,gmckinstry2b@thetimes.co.uk,Male,Ecole Nationale Supérieure de Chimie de Clermont-Ferrand
85,Heidie,Overal,hoveral2c@yandex.ru,Bigender,Southwestern Oklahoma State University
86,Ricki,Morgan,rmorgan2d@answers.com,Male,Huachiew Chalermprakiet University
87,Ravid,Bertolaccini,rbertolaccini2e@last.fm,Male,Barber-Scotia College
88,Cullan,Southworth,csouthworth2f@fema.gov,Male,Pontificio Istituto Orientale
89,Bartram,Bumby,bbumby2g@ca.gov,Genderqueer,College of St. Scholastica
90,Stafford,Nixon,snixon2h@sphinn.com,Male,Providence College
91,Francyne,Renfree,frenfree2i@phoca.cz,Female,Yarmouk University
92,Frederich,Cowill,fcowill2j@patch.com,Male,Universidad de Cartago
93,Jenine,Witheridge,jwitheridge2k@gravatar.com,Female,University of Da Nang
94,Kym,Sampey,ksampey2l@comcast.net,Female,Henan Normal University
95,Stephan,Willavize,swillavize2m@mysql.com,Male,Yukon College
96,Timmie,Moralee,tmoralee2n@slate.com,Male,Trinity College of Music
97,North,Hartegan,nhartegan2o@imageshack.us,Male,Brest State University
98,Caddric,Payze,cpayze2p@telegraph.co.uk,Male,Catholic University in Ružomberok
99,Nilson,Irons,nirons2q@homestead.com,Male,Himeji Dokkyo University
100,Madelaine,Capps,mcapps2r@telegraph.co.uk,Female,Norwegian University of Science and Technology
101,Yankee,Smorthit,ysmorthit2s@cafepress.com,Male,National University of Theater and Film Arts
102,Alessandra,Dreinan,adreinan2t@simplemachines.org,Female,Fundacion Escuela Colombiana de Rehabiliación
103,Lombard,Di Roberto,ldiroberto2u@amazon.co.uk,Male,University of Texas
104,Amery,Dewicke,adewicke2v@loc.gov,Male,"University of Nottingham, Malaysia Campus"
105,Irena,Gullan,igullan2w@geocities.jp,Female,University of Kuopio
106,Tammi,Southernwood,tsouthernwood2x@trellian.com,Female,Universidade Federal de Goiás
107,Beck,Seavers,bseavers2y@sohu.com,Male,Universidad Nacional de San Martín
108,Edlin,Behnecken,ebehnecken2z@addthis.com,Male,Karnataka State Law University
109,Janna,Sugge,jsugge30@barnesandnoble.com,Female,Tabari Institute of Higher Education
110,Rori,MacKowle,rmackowle31@imageshack.us,Female,Northeastern State University
111,Drusi,Gocher,dgocher32@flavors.me,Female,Chuo University
112,Allan,Adamov,aadamov33@simplemachines.org,Male,Toccoa Falls College
113,Susy,McClinton,smcclinton34@google.co.jp,Female,McNeese State University
114,Charley,Blasius,cblasius35@nationalgeographic.com,Male,Gorno-Altaisk State University
115,Winifield,Chinnery,wchinnery36@dmoz.org,Male,Kunitachi College of Music
116,Gray,Imorts,gimorts37@unblog.fr,Male,Sumy National Agrarian University
117,Sherm,Ingerith,singerith38@howstuffworks.com,Male,Universidad Estatal a Distancia
118,Hussein,Turton,hturton39@independent.co.uk,Male,Jagiellonian University Cracow
119,Marguerite,Bourbon,mbourbon3a@bravesites.com,Female,National Kaohsiung First University of Science and Technology
120,Jedediah,Bly,jbly3b@noaa.gov,Male,Ningxia University
121,Dallis,Stepney,dstepney3c@state.gov,Male,Odessa National I.I. Mecnikov University
122,Carrie,Dahlen,cdahlen3d@chronoengine.com,Female,Universidad Central
123,Brook,Yanov,byanov3e@yolasite.com,Male,Kettering University (GMI)
124,Costa,McAuslan,cmcauslan3f@nyu.edu,Male,Faculté Universitaire des Sciences Agronomiques de Gembloux
125,Palm,Franses,pfranses3g@exblog.jp,Male,ABTI American University of Nigeria
126,Aline,Samarth,asamarth3h@biglobe.ne.jp,Female,Centro Universitario de Occidente
127,Myer,Filipychev,mfilipychev3i@berkeley.edu,Male,Norwegian University of Sport and Physical Education
128,Kelvin,Grishaev,kgrishaev3j@biblegateway.com,Male,Universidad Metropolitana
129,Vernon,Witherow,vwitherow3k@technorati.com,Male,Southwest Agricultural University
130,Darci,Norwich,dnorwich3l@about.me,Female,St. Thomas University
131,Petronia,Medway,pmedway3m@nsw.gov.au,Female,Queen's University
132,Curt,Wallsworth,cwallsworth3n@boston.com,Male,"Free University ""Maria Santissima Assunta"""
133,Luke,Cary,lcary3o@comcast.net,Male,Linköping University
134,Cecilia,Canby,ccanby3p@patch.com,Female,American Military University
135,Chalmers,Thow,cthow3q@ox.ac.uk,Male,Stockholm University
136,Nari,Kinsella,nkinsella3r@blogspot.com,Female,University of Gloucestershire
137,Angelika,Reichert,areichert3s@virginia.edu,Female,University of Novi Sad
138,Gipsy,Gerson,ggerson3t@sakura.ne.jp,Female,Global Business School Barcelona
139,Katherina,Ferrucci,kferrucci3u@ezinearticles.com,Female,University of Ulster
140,Ritchie,Blundan,rblundan3v@miitbeian.gov.cn,Male,Universiti Malaysia Terengganu
141,Alaric,Bootell,abootell3w@jalbum.net,Male,Universidad de Holguín
142,Berry,Ruzicka,bruzicka3x@acquirethisname.com,Female,Bangkok University
143,Benoite,Durnall,bdurnall3y@zdnet.com,Female,Rybinsk State Academy of Aviational Technology
144,Baxie,Kellert,bkellert3z@typepad.com,Male,Multimedia University of Kenya
145,Dorthea,Tawn,dtawn40@fc2.com,Female,West Bengal University of Technology
146,Loralee,Yuille,lyuille41@intel.com,Female,Webster University
147,Beltran,Piccop,bpiccop42@army.mil,Male,Gorgan University of Agricultural Sciences and Natural Resources
148,Paola,Gibbon,pgibbon43@imdb.com,Female,University of North London
149,Monique,Radolf,mradolf44@bloglovin.com,Female,University of Peshawar
150,Marc,Fernez,mfernez45@princeton.edu,Male,Instituto Superior de Gestão - ISG
151,Kimble,Dorber,kdorber46@moonfruit.com,Male,Saginaw Valley State University
152,Georgy,Acosta,gacosta47@bizjournals.com,Male,State University of New York Upstate Medical University 
153,Clovis,Kubas,ckubas48@state.tx.us,Female,"Islamic Azad University, Majlesi"
154,Veronique,Hubery,vhubery49@altervista.org,Female,Universidad Internacional de Andalucía
155,Nappy,Caygill,ncaygill4a@google.com.hk,Male,Methodist College
156,Hannah,Theyer,htheyer4b@indiegogo.com,Female,Kyoto Pharmaceutical University
157,Tirrell,Proudley,tproudley4c@economist.com,Male,Universidad de Caldas
158,Melloney,Grancher,mgrancher4d@privacy.gov.au,Female,Universidade de Mogi das Cruzes
159,Ozzie,Riddett,oriddett4e@goo.gl,Male,University of Paisley
160,Donia,Winspare,dwinspare4f@yandex.ru,Female,University of Waterloo
161,Milty,Cobley,mcobley4g@taobao.com,Male,"University of the East, Coloocan"
162,Willi,Lakenden,wlakenden4h@nbcnews.com,Female,Universidad Cristóbal Colón
163,Robinia,Clifford,rclifford4i@weibo.com,Female,Tezukayama Gakuin University
164,Eward,Battlestone,ebattlestone4j@lulu.com,Male,Université Senghor d'Alexandrie
165,Hebert,Ferruzzi,hferruzzi4k@stanford.edu,Male,Universitas Madura
166,Jenni,Pollicote,jpollicote4l@shop-pro.jp,Female,Tallinn University
167,Janey,Aven,javen4m@tripadvisor.com,Female,Nazarene Bible College
168,Giorgio,Hawkin,ghawkin4n@digg.com,Male,Tallinn University
169,Wade,Davall,wdavall4o@1und1.de,Male,Shivaji University
170,Richy,Iorio,riorio4p@globo.com,Male,Sumy National Agrarian University
171,Annnora,Greensmith,agreensmith4q@digg.com,Female,Universidad Interamericana de Educacion a Distancia de Panama
172,Gavin,de Juares,gdejuares4r@linkedin.com,Male,Southern Nazarene University
173,Becki,Blowne,bblowne4s@msn.com,Female,Séchenyi István University
174,Romeo,Ghiron,rghiron4t@nih.gov,Male,Atilim University
175,Ignace,Algeo,ialgeo4u@abc.net.au,Male,Xinjiang University
176,Corri,Gavrielly,cgavrielly4v@epa.gov,Female,Perdana University
177,Maggie,Drejer,mdrejer4w@biglobe.ne.jp,Female,Medical College of Wisconsin
178,Ardenia,Gorring,agorring4x@theguardian.com,Female,Perm State Academy of Agriculture
179,Mikol,McSparran,mmcsparran4y@squidoo.com,Male,University of KwaZulu-Natal
180,Cosme,Venny,cvenny4z@nasa.gov,Male,"Muthesius-Hochschule, Fachhochschule für Kunst und Gestaltung"
181,Shauna,Pavlov,spavlov50@spiegel.de,Female,Mandalay Technological University
182,Prentice,Kleen,pkleen51@sun.com,Male,Universidad Empresarial Siglio 21
183,Mikey,Ranyell,mranyell52@cafepress.com,Male,Tomsk Polytechnic University
184,Sonnie,Disbury,sdisbury53@opera.com,Female,College of Dunaujvaros
185,Marys,Hayes,mhayes54@ftc.gov,Female,Kwararafa University
186,Raul,Robinette,rrobinette55@hhs.gov,Male,Tansian University
187,Bryce,Snazel,bsnazel56@reference.com,Male,Université de Marne la Vallée
188,Ari,Heskey,aheskey57@army.mil,Male,LICCSAL Business College
189,Finn,Impey,fimpey58@reddit.com,Male,Politeknik Negeri Malang
190,Bryn,Jedrzejewsky,bjedrzejewsky59@cam.ac.uk,Male,Messiah College
191,Nicoline,Baudinot,nbaudinot5a@cmu.edu,Genderfluid,University of Guam
192,Bibi,Unsworth,bunsworth5b@biglobe.ne.jp,Female,Vrije Universiteit Brussel
193,Hort,Urrey,hurrey5c@devhub.com,Polygender,Ternopil State Ivan Pul'uj Technical University
194,Bernardo,Allright,ballright5d@mail.ru,Male,"Global Open University , Nagaland"
195,Ashlin,MacCook,amaccook5e@oakley.com,Male,Ilam University of Medical Sciences
196,Alic,De Cristofalo,adecristofalo5f@devhub.com,Male,European Academy of Arts in Warsaw
197,Melodie,Chisman,mchisman5g@amazonaws.com,Female,Takhar University
198,Myrah,Golton,mgolton5h@ycombinator.com,Female,Gifu Keizai University
199,Melba,Clawsley,mclawsley5i@flavors.me,Female,University of Queensland
200,Gregory,Farey,gfarey5j@arizona.edu,Male,Wakayama University
201,Marillin,McCollum,mmccollum5k@sun.com,Female,Mazandaran University of Iran
202,Shanta,Pratley,spratley5l@ning.com,Female,Beijing Medical University
203,Sonnie,Headford,sheadford5m@wikia.com,Female,Universität Regensburg
204,Hi,East,heast5n@uol.com.br,Male,Arizona Christian University
205,Madge,Lithcow,mlithcow5o@naver.com,Female,University of Management and Technology
206,Sybilla,McCloughen,smccloughen5p@ucsd.edu,Female,Institut National Polytechnique de Lorraine
207,Othilie,Dogerty,odogerty5q@dmoz.org,Female,Qingdao University of Science and Technology
208,Rudolf,Aulton,raulton5r@weather.com,Male,Fachhochschule Hamburg
209,Stavro,Fobidge,sfobidge5s@deviantart.com,Male,EPF Ecole d'Ingénieurs
210,Netti,Ciraldo,nciraldo5t@adobe.com,Female,Université Shalom de Bunia
211,Ethelin,Ilymanov,eilymanov5u@washington.edu,Female,Medaille College
212,Janelle,Scane,jscane5v@comsenz.com,Female,Rostov State University
213,Minnie,Antrim,mantrim5w@blinklist.com,Female,University of Great Falls
214,Tudor,Murrhardt,tmurrhardt5x@i2i.jp,Male,Springfield College
215,Consuela,Labusch,clabusch5y@dmoz.org,Female,"New York University, Abu Dhabi"
216,Jule,Dies,jdies5z@mysql.com,Male,Universidad La Republica
217,Chryste,Baumler,cbaumler60@mail.ru,Female,"National American University, Sioux Falls"
218,Hilly,Becerra,hbecerra61@seesaa.net,Male,Stamford International University
219,Collen,Babb,cbabb62@huffingtonpost.com,Female,Pontifícia Universidade Católica do Rio Grande do Sul
220,Park,Sandham,psandham63@miibeian.gov.cn,Male,Universidad Nacional Experimental Romulo Gallegos
221,Ynez,Chazelas,ychazelas64@google.pl,Female,"Universidad Salvadorena ""Alberto Masferrer"""
222,Felicdad,Aiton,faiton65@microsoft.com,Female,University of Connecticut
223,Luca,Bader,lbader66@wix.com,Male,Universitas Muhammadiyah Sumatra Utara
224,Harlen,Cloke,hcloke67@columbia.edu,Male,Alain University of Science and Technology
225,Darcy,Veysey,dveysey68@lulu.com,Female,Université de N'Djamena
226,Eirena,Shervington,eshervington69@t.co,Polygender, Dedan Kimathi University of Technology
227,Ulberto,Keen,ukeen6a@networksolutions.com,Male,"University of Gjirokstra ""Eqerem Cabej"""
228,Sayres,Ridsdole,sridsdole6b@merriam-webster.com,Male,Friedrich-Schiller Universität Jena
229,Antonin,Brownsett,abrownsett6c@aboutads.info,Male,Irkutsk State Academy of Economics
230,Leonid,Crank,lcrank6d@cyberchimps.com,Male,Detroit College of Business
231,Maure,Cisar,mcisar6e@reuters.com,Female,University of the Philippines Diliman
232,Jessamine,Cicchetto,jcicchetto6f@a8.net,Female,Christian-Albrechts-Universität Kiel
233,Bertine,Chadwen,bchadwen6g@slideshare.net,Female,Universidad de León
234,Clair,Delph,cdelph6h@yelp.com,Female,Roehampton University of Surrey
235,Bonny,Tungay,btungay6i@nifty.com,Female,Nortre Dame Seishin University
236,Rabbi,Augustin,raugustin6j@npr.org,Male,Fine Arts Academy in Gdansk
237,Dugald,Chastenet,dchastenet6k@symantec.com,Male,ITT Technical Institute Portland
238,Ludovika,Goodier,lgoodier6l@unblog.fr,Female,Universidade Federal de Mato Grosso
239,Biddy,Nixon,bnixon6m@amazon.co.jp,Female,Brigham Young University
240,Samuel,Ivimey,sivimey6n@house.gov,Male,University of Central Texas
241,Wallie,MacKeller,wmackeller6o@wikia.com,Female,Université Française d'Égypte
242,Wells,Marzelo,wmarzelo6p@tamu.edu,Male,Universidad Nacional de Piura
243,Guglielmo,Swires,gswires6q@psu.edu,Male,Kolej Universiti Insaniah
244,Lanie,Minister,lminister6r@php.net,Male,Stephens College
245,Gussy,Boshere,gboshere6s@etsy.com,Female,"Yorker International University, Athens"
246,Dag,Sawyers,dsawyers6t@harvard.edu,Male,Azad Jammu and Kashmir University
247,Andy,Koppke,akoppke6u@weather.com,Male,Wageningen University
248,Elene,Vipan,evipan6v@nih.gov,Female,Southern Arkansas University
249,Raff,M'Barron,rmbarron6w@squarespace.com,Genderfluid,DeSales University
250,Hermia,Oldershaw,holdershaw6x@fc2.com,Female,Tianjin University of Commerce
251,Jandy,Chrstine,jchrstine6y@si.edu,Female,Technological University (Myitkyina) 
252,Dominique,Sharply,dsharply6z@ox.ac.uk,Male,Fukushima Medical College
253,Ruperto,Turle,rturle70@ftc.gov,Male,Arab Academy for Banking and Financial Sciences
254,Lynnet,Chisman,lchisman71@disqus.com,Female,Mahsa University College for Health and Medical Science
255,Amalie,O'Heffernan,aoheffernan72@java.com,Female,Medical College of Pennsylvania and Hahnemann University
256,Armando,Thebe,athebe73@time.com,Male,Universidad Católica de Valencia
257,Donella,Fetherston,dfetherston74@comsenz.com,Genderfluid,St. Petersburg State Institute of Technology (Technological University)
258,Jodi,Nickolls,jnickolls75@globo.com,Female,Morehouse School of Medicine
259,Rafa,Klosser,rklosser76@arizona.edu,Female,National Chengchi University
260,Jane,Aupol,jaupol77@webs.com,Female,Agricultural University of Lublin
261,Averyl,Badder,abadder78@illinois.edu,Female,Pharos International University
262,Balduin,Kirstein,bkirstein79@mayoclinic.com,Male,University of the Pacific
263,Ruddie,Harrhy,rharrhy7a@lulu.com,Bigender,Iwate University
264,Haleigh,Randals,hrandals7b@cpanel.net,Female,Government College University Faisalabad
265,Gwenni,Halvosen,ghalvosen7c@scribd.com,Female,European Open University
266,Neils,Grelka,ngrelka7d@phoca.cz,Male,Russian State Hydrometeorological University
267,Mitchel,Hantusch,mhantusch7e@youtu.be,Male,International School of Management ISM Dortmund
268,Viole,Lesper,vlesper7f@imgur.com,Female,Jackson State University
269,Gabrielle,Dmtrovic,gdmtrovic7g@parallels.com,Female,Amirkabir University of Technology
270,Rivy,Pawelek,rpawelek7h@livejournal.com,Female,Metropolitan State University
271,Berton,Rogers,brogers7i@gmpg.org,Male,Universidad Iberoamericana
272,Filia,Smallpiece,fsmallpiece7j@usda.gov,Female,Ural Academy of Public Administration
273,Heinrik,Anan,hanan7k@g.co,Male,University of Jyväskylä
274,Val,Scamp,vscamp7l@dailymotion.com,Male,Ecole d'Ingénieurs en Informatique pour l'Industrie
275,Fredrick,Trevains,ftrevains7m@google.co.uk,Male,Daito Bunka University
276,Cyrillus,Lester,clester7n@rediff.com,Male,"Universidad Autónoma del Beni ""José Ballivián"""
277,Catlin,Challin,cchallin7o@360.cn,Female,Danish Business Academy
278,Aurie,Francioli,afrancioli7p@eventbrite.com,Genderqueer,"Universidad Católica Boliviana, Santa Cruz"
279,Torr,Roadnight,troadnight7q@is.gd,Male,Moorhead State University
280,Doris,Blodg,dblodg7r@dyndns.org,Female,Escuela de Ingeniería de Antioquia
281,Aliza,McCourt,amccourt7s@springer.com,Female,St. Anthony College of Nursing
282,Reina,Yeats,ryeats7t@omniture.com,Female,Burapha University
283,Danni,Davion,ddavion7u@myspace.com,Female, Technological University (Yangon)
284,Jobie,Varney,jvarney7v@vk.com,Female,Technische Universität Graz
285,Mikael,Fronsek,mfronsek7w@spotify.com,Male,Kagoshima Immaculate Heart University
286,Ag,Yantsev,ayantsev7x@psu.edu,Female,Nagoya City University
287,Genevieve,Barchrameev,gbarchrameev7y@google.co.jp,Female,Universidade de Fortaleza
288,Marna,Kennerley,mkennerley7z@blog.com,Female,American University
289,Kiel,Harmar,kharmar80@omniture.com,Male,Janus Pannonius University
290,Nollie,Dundon,ndundon81@ox.ac.uk,Male,Ecole Polytechnique
291,Drucy,Cucuzza,dcucuzza82@squidoo.com,Female,Niigata University of Management
292,Christiano,Snalham,csnalham83@goodreads.com,Bigender,Universidade do Oeste de Santa Catarina
293,Veradis,Gilyatt,vgilyatt84@cloudflare.com,Female,Akdeniz University
294,Rolfe,Storie,rstorie85@mashable.com,Male,Hochschule für Technik und Wirtschaft Dresden (FH)
295,Philip,Shelsher,pshelsher86@yale.edu,Male,DeVry Institute of Technology
296,Lolly,Vevers,lvevers87@wikipedia.org,Female,Katowice School of Economics
297,Adeline,Skeffington,askeffington88@1und1.de,Female,Nilai University College
298,Alex,Eadmeades,aeadmeades89@businessweek.com,Male,Illinois College
299,Palmer,Joder,pjoder8a@twitpic.com,Genderqueer,Universidad Nacional de San Antonio Abad
300,Dorisa,Whopples,dwhopples8b@amazon.co.jp,Female,Nottingham Trent University
301,Dimitri,Danzig,ddanzig8c@bravesites.com,Male,Universidade Castelo Branco
302,Odette,Fairholm,ofairholm8d@pen.io,Female,Southwest University of Finance and Economics
303,Hilario,Seater,hseater8e@digg.com,Male,Massachusetts College of Art
304,Avictor,Keates,akeates8f@simplemachines.org,Male,Koyasan University
305,Doralyn,Siege,dsiege8g@mtv.com,Female,Kyoto Institute of Technology
306,Diannne,Zeal,dzeal8h@fotki.com,Agender,Arizona State University
307,Tanhya,Franzonello,tfranzonello8i@yahoo.com,Female,West University of Timisoara
308,Flem,Chate,fchate8j@blogspot.com,Male,"Davenport College of Business, Lansing"
309,Jade,Ormston,jormston8k@hostgator.com,Female,Universitas Pekalongan
310,Munmro,Gandrich,mgandrich8l@geocities.com,Male,South Eastern University of Sri Lanka
311,Rafe,Hickisson,rhickisson8m@fc2.com,Bigender,Musashino Women's University
312,Twila,Cockle,tcockle8n@1688.com,Female,Suan Dusit Rajabhat University
313,Alvina,Hanbury,ahanbury8o@usatoday.com,Female,University of the Visayas
314,Merv,Bulman,mbulman8p@mysql.com,Male,Sendai University
315,Wilhelmine,Patman,wpatman8q@altervista.org,Agender,American University of Middle East
316,Dev,Lensch,dlensch8r@ted.com,Male,Maria Curie-Sklodowska University Lublin
317,Haven,Coltart,hcoltart8s@dailymail.co.uk,Agender,Czech University of Agriculture Prague
318,Rogerio,Edmenson,redmenson8t@shutterfly.com,Male,Katsina University
319,Edee,Dummett,edummett8u@cnbc.com,Female,Pomor State University
320,Archaimbaud,Kroon,akroon8v@smugmug.com,Male,Université de La Rochelle
321,Amalita,Sollars,asollars8w@myspace.com,Female,Lewis & Clark Community College
322,Dionisio,Haycock,dhaycock8x@nydailynews.com,Male,Ryutsu Keizai University
323,Robbert,Reveley,rreveley8y@usnews.com,Male,Kwantleen University College
324,Kerri,Tie,ktie8z@cloudflare.com,Polygender,Kurashiki Sakuyo University
325,Mic,Bachs,mbachs90@google.cn,Male,St. Peter's College
326,Meredith,Sweatland,msweatland91@cdbaby.com,Male,Ecole Supérieure d'Ingénieurs et de Techniciens pour l'Agriculture
327,Lorne,Whellans,lwhellans92@nps.gov,Male,North Park University
328,Nicholas,Margerrison,nmargerrison93@wufoo.com,Male,"Independent University, Bangladesh"
329,Goran,Fayter,gfayter94@ebay.co.uk,Male,Universidade Federal do Rio de Janeiro
330,Gilburt,Hully,ghully95@adobe.com,Male,Adler School of Professional Psychology
331,Lesya,Lippitt,llippitt96@macromedia.com,Female,Trinity International University
332,Shauna,Phettiplace,sphettiplace97@google.it,Female,"Shoumen University ""Konstantin Preslavski"""
333,Riley,Trippett,rtrippett98@phpbb.com,Male,CCS Haryana Agricultural University
334,Sutton,Turnpenny,sturnpenny99@gov.uk,Male,Universidad de El Salvador
335,Leonerd,Tomei,ltomei9a@businessweek.com,Polygender,Groupe Sup de Co Amiens Picardie
336,Dew,Bocock,dbocock9b@arizona.edu,Male,University of Chieti
337,Kriste,Belfitt,kbelfitt9c@cdbaby.com,Female,Turar Ryskulov Kazakh Economic University
338,Modesta,Duffit,mduffit9d@mit.edu,Female,New England School of Art and Design
339,Jarrad,Nussgen,jnussgen9e@tripod.com,Male,Buckinghamshire New University
340,Dulciana,Kinset,dkinset9f@bbc.co.uk,Bigender,University College of Applied Sciences
341,Bjorn,McGeachy,bmcgeachy9g@nba.com,Male,Benguet State University
342,Gayler,Boler,gboler9h@phoca.cz,Male,Trakya University
343,Malchy,Croisdall,mcroisdall9i@answers.com,Male,All India Institute of Medical Sciences
344,Leta,Latch,llatch9j@sfgate.com,Bigender,"Institute of Teachers Education, Sarawak"
345,Danit,Goodreid,dgoodreid9k@ft.com,Female,Asahikawa University
346,Lucila,Gurley,lgurley9l@umich.edu,Agender,MacMurray College
347,Gwenora,Tellett,gtellett9m@pinterest.com,Female,Arab Open University
348,Josephina,Houldin,jhouldin9n@chicagotribune.com,Female,Fukui University
349,Lombard,Burry,lburry9o@wunderground.com,Male,University of Windsor
350,Felizio,Covotto,fcovotto9p@oakley.com,Male,Shaoguan University
351,Kent,Clavering,kclavering9q@yale.edu,Male,Växjö University
352,Chrotoem,Weyman,cweyman9r@washingtonpost.com,Male,Kogakkan University
353,Kacey,Kinnar,kkinnar9s@goo.gl,Female,University of Aden
354,Byrle,Loudiane,bloudiane9t@ucoz.com,Male,Whitworth College
355,Imogene,Vasyukov,ivasyukov9u@arstechnica.com,Female,University of Dammam
356,Kora,Delgado,kdelgado9v@google.ru,Female,Université de l'Uélé
357,Waylen,Pyper,wpyper9w@simplemachines.org,Male,Gomel State Technical University Pavel Sukhoi
358,Gilli,Mothersole,gmothersole9x@jimdo.com,Female,Escuela de Administración de Negocios
359,Benedict,Dowsing,bdowsing9y@nhs.uk,Male,University of Divinity
360,Lilllie,Rack,lrack9z@163.com,Female,"Academy of Music, Dance and Fine Arts"
361,Jae,Beedom,jbeedoma0@hc360.com,Polygender,University of Nicosia
362,Bibbye,Dudbridge,bdudbridgea1@nba.com,Female,Tabari Institute of Higher Education
363,Brianne,Amey,bameya2@sbwire.com,Female,Prince Mohammad Bin Fahd University
364,Joey,Pattesall,jpattesalla3@ted.com,Female,City University College of Science and Technology
365,Peggi,Eichmann,peichmanna4@creativecommons.org,Female,University of Pittsburgh
366,Dannie,Mollen,dmollena5@ezinearticles.com,Female,University of Basel
367,Egbert,Aberdeen,eaberdeena6@cocolog-nifty.com,Male,Heilongjiang University
368,Hillary,O'Gormally,hogormallya7@miitbeian.gov.cn,Female,Europa-Universität Viadrina Frankfurt (Oder)
369,Donnell,Leber,dlebera8@epa.gov,Male,Duksung Women's University
370,Colin,Calles,ccallesa9@usa.gov,Male,Livingstone College
371,Tabor,Balsom,tbalsomaa@arizona.edu,Male,Benue State University
372,Husain,Curr,hcurrab@epa.gov,Male,Allahabad University
373,Winnah,Spykings,wspykingsac@princeton.edu,Female,Université Catholique de Lyon
374,Clara,Tousey,ctouseyad@tripod.com,Female,University of Texas Health Center at Houston
375,Curt,Pendred,cpendredae@fastcompany.com,Non-binary,Kuwait University
376,Jerad,Skingley,jskingleyaf@nature.com,Male,University of Agriculture Abeokuta
377,Arny,Thomerson,athomersonag@bbc.co.uk,Male,Christ University
378,Bendix,Bezant,bbezantah@weather.com,Male,Hampton University
379,Gaye,Drennan,gdrennanai@cbc.ca,Female,Jikei University School of Medicine
380,Don,Goddert.sf,dgoddertsfaj@noaa.gov,Male,Punjab Institute of Computer science
381,Cris,Shawl,cshawlak@mozilla.com,Male,Sahand University of Technology
382,Ronny,Kingswold,rkingswoldal@cbsnews.com,Male,Khabarovsk State University of Technology
383,Magda,Rudolf,mrudolfam@geocities.jp,Female,Instituto Superior de Ciências Empresariais e de Turismo
384,Amity,Moule,amoulean@smh.com.au,Female,Universidad Privada del Valle
385,Joshua,Di Biasi,jdibiasiao@wikia.com,Male,Tehran University of Medical Sciences
386,Cleavland,Paragreen,cparagreenap@biglobe.ne.jp,Male,Technical University of Timisoara
387,Sandor,Moehler,smoehleraq@e-recht24.de,Male,Amirkabir University of Technology
388,Kaela,Davitt,kdavittar@bbc.co.uk,Female,Bugema University
389,Grant,Armour,garmouras@psu.edu,Male,Pioneer International University
390,Seymour,Messitt,smessittat@techcrunch.com,Male,St. Petersburg State Pediatric Medical Academy
391,Rogerio,Drysdale,rdrysdaleau@fotki.com,Male,DCT International Hotel & Business Management School
392,Collin,Malden,cmaldenav@webeden.co.uk,Male,Fresno City College
393,Barris,Divisek,bdivisekaw@elegantthemes.com,Male,University of Charleston
394,Sanford,Vautier,svautierax@t-online.de,Genderfluid,Pedagogical University of the Polish Association for Adult Education in Warsaw
395,Ambur,Threadgold,athreadgolday@so-net.ne.jp,Female,University of Lucknow
396,Jessalyn,McGilvary,jmcgilvaryaz@sourceforge.net,Genderfluid,Tianjin Polytechnic University
397,Tremayne,Chellingworth,tchellingworthb0@adobe.com,Male,Tripura University
398,Lainey,Fishleigh,lfishleighb1@cnbc.com,Female,Universidad de la Fraternidad de Agrupaciones Santo Tomas de Aquino (FASTA)
399,Nanice,Brickdale,nbrickdaleb2@storify.com,Female,University of Kentucky
400,Menard,Dundin,mdundinb3@qq.com,Male,Jomo Kenyatta University of Agriculture and Technology
401,Belia,Trevethan,btrevethanb4@wikipedia.org,Female,Zachodniopomorska School of Science and Engineering
402,Currey,Freiberg,cfreibergb5@shinystat.com,Male,"DeVry Institute of Technology, DuPage"
403,Virge,Clemenzo,vclemenzob6@sourceforge.net,Male,Trent University
404,Odie,Gewer,ogewerb7@oakley.com,Male,Teikyo University of Science and Technology
405,Germain,Gyrgorcewicx,ggyrgorcewicxb8@seattletimes.com,Female,Kerala Agricultural University
406,Arlen,Budge,abudgeb9@prlog.org,Bigender,National University of Arts
407,Reilly,Bellchamber,rbellchamberba@sina.com.cn,Male,Seoul National University of Education
408,Brice,Mottershaw,bmottershawbb@macromedia.com,Male,Orenburg State University
409,Bliss,Cawthra,bcawthrabc@adobe.com,Female,Taiyuan University of Technology
410,Bennie,Jennemann,bjennemannbd@dagondesign.com,Male,MacEwan University
411,Gwennie,Lardnar,glardnarbe@accuweather.com,Female,Universidad Tecnológica del Peru
412,Stace,Sayer,ssayerbf@hexun.com,Genderqueer,Xi'an Jiaotong University
413,Jon,Robbins,jrobbinsbg@devhub.com,Male,Taiz University
414,Collie,Carver,ccarverbh@amazon.de,Female,Miryang National University
415,Mellisent,Petrou,mpetroubi@jiathis.com,Female,Tohwa University
416,Boone,Allan,ballanbj@shinystat.com,Male,University of La Verne
417,Bartel,Macey,bmaceybk@acquirethisname.com,Male,University of Illinois at Urbana-Champaign
418,Sukey,Giuroni,sgiuronibl@netscape.com,Female,Ohio State University - Mansfield
419,Albertina,Hearmon,ahearmonbm@wikispaces.com,Female,Palm Beach Atlantic University
420,Rourke,Walklate,rwalklatebn@yellowpages.com,Male,Zetech College
421,Ron,Romney,rromneybo@tripadvisor.com,Male,Bowling Green State University
422,Regen,Olrenshaw,rolrenshawbp@google.ca,Male,University of Sioux Falls
423,Chico,Van Der Weedenburg,cvanderweedenburgbq@blogger.com,Male,University of Sunderland
424,Marielle,Hazeltine,mhazeltinebr@technorati.com,Female,Universidad de la Fraternidad de Agrupaciones Santo Tomas de Aquino (FASTA)
425,Everard,Meaker,emeakerbs@fotki.com,Male,New Bulgarian University
426,Walliw,Lownes,wlownesbt@list-manage.com,Female,Amur State University
427,Pepe,Bosward,pboswardbu@nih.gov,Male,University College Dublin
428,Waverley,Sooley,wsooleybv@bbc.co.uk,Male,Emory University
429,Bord,Hawthorne,bhawthornebw@zimbio.com,Male,Case Western Reserve University
430,Reed,Lorek,rlorekbx@nps.gov,Male,Mountain State University
431,Kerry,Sinden,ksindenby@sciencedaily.com,Male,"Birkbeck College, University of London"
432,Terrell,D'Ugo,tdugobz@house.gov,Male,Bratsk State Technical University
433,Flossi,Pizey,fpizeyc0@twitter.com,Female,Planwel University
434,Evan,Dartnell,edartnellc1@unicef.org,Male,Emory University
435,Meriel,Cordrey,mcordreyc2@nba.com,Female,University of Neuchatel
436,Christy,Gibbin,cgibbinc3@narod.ru,Male,Nugaal University
437,Shirlee,Zoephel,szoephelc4@bbc.co.uk,Genderfluid,Saigon University
438,Mychal,Pynn,mpynnc5@meetup.com,Male,Tongji University
439,Valdemar,Lackemann,vlackemannc6@xinhuanet.com,Male,University of Michigan - Ann Arbor
440,Farrell,Hartly,fhartlyc7@reuters.com,Male,Ohio Dominican College
441,Munmro,Kinson,mkinsonc8@eepurl.com,Male,British College of Osteopathic Medicine
442,Noak,Baber,nbaberc9@dropbox.com,Male,Universidad de Alicante
443,Starr,Boutton,sbouttonca@mlb.com,Female,Universidade da Região da Campanha
444,Der,Finlayson,dfinlaysoncb@nps.gov,Male,"Fachhochschule Rosenheim, Hochschule für Technik und Wirtschaft"
445,Hadria,Trunks,htrunkscc@nytimes.com,Female,International Kazakh-Turkish University
446,Collete,Danjoie,cdanjoiecd@irs.gov,Female,Shawnee State University
447,Jakob,Rihosek,jrihosekce@geocities.jp,Male,Kitami Institute of Technology
448,Pace,Fenney,pfenneycf@nps.gov,Male,"University of Houston, Downtown"
449,Culley,Gilbee,cgilbeecg@cam.ac.uk,Male,Heilongjiang August 1st Reclamation University
450,Katerine,Bools,kboolsch@slashdot.org,Female,Sambalpur University
451,Myrwyn,Farlane,mfarlaneci@vkontakte.ru,Male,Thomas University
452,Yankee,Gravie,ygraviecj@usatoday.com,Male,University of Finance and Management in Bialystok
453,Brinn,Thys,bthysck@4shared.com,Genderfluid,Dar al Hekma College
454,Hermione,Kelsell,hkelsellcl@icq.com,Female,Capital University of Economics and Business
455,Constantine,Byk,cbykcm@posterous.com,Female,Siberian State Medical University
456,Cathee,Sparham,csparhamcn@forbes.com,Female,Kirchliche Hochschule Bethel
457,Dorise,Brixey,dbrixeyco@yellowbook.com,Polygender,Pontificia Universidad Javeriana
458,Myrtie,Snoday,msnodaycp@bbc.co.uk,Female,Universidad Técnica del Norte
459,Rupert,Zecchinelli,rzecchinellicq@elpais.com,Male,Universidad Regional Miguel Hidalgo
460,Lief,Gundry,lgundrycr@ameblo.jp,Male,Universidad la Concordia
461,Ben,Abelovitz,babelovitzcs@myspace.com,Male,Chongqing Three Gorges University
462,Rawley,Rumsey,rrumseyct@pcworld.com,Male,State University of Management
463,Frederico,Avramchik,favramchikcu@gnu.org,Male,Kurdistan University of Medical Sciences
464,Orly,Leask,oleaskcv@hubpages.com,Female,State University of New York at Oswego
465,Gery,Spiers,gspierscw@ning.com,Male,Kyushu Kyoritsu University
466,Manda,Clethro,mclethrocx@mlb.com,Female,Kyoto Prefectural University
467,Ferne,Mathews,fmathewscy@fema.gov,Female,Assiut University
468,Carrol,Paulillo,cpaulillocz@uol.com.br,Male,Universitas Gajayana Malang
469,Tarrance,Vice,tviced0@comsenz.com,Male,Universitas Darma Persada
470,Carlyle,Crombleholme,ccrombleholmed1@blogs.com,Male,William Mitchell College of Law
471,Coraline,Asee,caseed2@webnode.com,Female,Universidad Isaac Newton
472,Brewster,Pantlin,bpantlind3@123-reg.co.uk,Male,Universidad de Cartagena
473,Lexy,Dibbin,ldibbind4@tinyurl.com,Female,North South University
474,Neville,Langer,nlangerd5@jimdo.com,Male,Universidad Nacional Autónoma de México
475,Isaak,Cooper,icooperd6@elegantthemes.com,Male,Ecole Européen des Affaires
476,Cesare,Castellucci,ccastelluccid7@phpbb.com,Male,Örebro University
477,Conrade,Bussen,cbussend8@reverbnation.com,Male,Olivet Nazarene University
478,Aland,Heaphy,aheaphyd9@springer.com,Male,Vignan University
479,Emilie,Garaway,egarawayda@who.int,Female,Hochschule für Philosophie München
480,Kali,Mynett,kmynettdb@mapy.cz,Female,"University of Science, Arts and Technology"
481,Damiano,Ruffler,drufflerdc@comsenz.com,Male,Pennsylvania Academy of the Fine Arts
482,Tessy,Scading,tscadingdd@ow.ly,Female,Universidad Nacional Abierta y a Distancia
483,Jackie,Tybalt,jtybaltde@uol.com.br,Male,University of Finance and Management in Bialystok
484,Shanta,Baford,sbaforddf@studiopress.com,Female,Silesian University
485,Sutton,Tewelson,stewelsondg@blogtalkradio.com,Male,Benadir University
486,King,Jonson,kjonsondh@hc360.com,Agender,Cambodian Mekong University
487,Wakefield,Lonie,wloniedi@indiegogo.com,Male,Petroleum University of Technology
488,Udale,Robjents,urobjentsdj@ca.gov,Male,Eastern Virginia Medical School
489,Margarete,Probbing,mprobbingdk@netvibes.com,Female,Joseph Ayo Babalola University
490,Angil,Skirven,askirvendl@hhs.gov,Female,Universidade Católica de Brasília
491,Aylmar,Eilert,aeilertdm@naver.com,Bigender,Kazan State University of Medicine
492,Arabela,Arlow,aarlowdn@illinois.edu,Female,Universidade Federal de Campina Grande
493,Leeann,Veldstra,lveldstrado@squidoo.com,Female,"City University of New York, Medgar Evers College"
494,Tris,Truman,ttrumandp@linkedin.com,Male,Islamic University of Gaza
495,Corissa,Ormonde,cormondedq@timesonline.co.uk,Female,Universiti Tunku Abdul Rahman
496,Norbie,Gerhold,ngerholddr@vkontakte.ru,Male,University of Worcester
497,Frederigo,Normand,fnormandds@hatena.ne.jp,Male,Ecole Supérieure de Commerce de Bordeaux
498,Chad,Arnald,carnalddt@pcworld.com,Male,Ferris University
499,Quillan,Roome,qroomedu@usda.gov,Male,John Marshall Law School
500,Dorry,Clausen-Thue,dclausenthuedv@artisteer.com,Female,AISECT University
501,Oberon,Caston,ocastondw@google.ca,Male,"University of Computer Studies, Yangon"
502,Ellissa,Chinnock,echinnockdx@bloomberg.com,Female,Gunma Prefectural Women's University
503,Wrennie,Powter,wpowterdy@ifeng.com,Female,Academy of Fine Arts and Design in Bratislava
504,Cherri,Duxbury,cduxburydz@storify.com,Female,European Academy of Arts in Warsaw
505,Kristopher,Yeldham,kyeldhame0@tamu.edu,Male,Debre Birhan University
506,Annice,Salman,asalmane1@goo.ne.jp,Female,Buckinghamshire New University
507,Tammy,Braidwood,tbraidwoode2@mayoclinic.com,Male,Beppu University
508,Colline,Bordone,cbordonee3@sciencedaily.com,Female,Zimbabwe Ezekiel Guti University
509,Davida,Churchouse,dchurchousee4@un.org,Female,Fachhochschule Mainz
510,Laurent,Summons,lsummonse5@g.co,Male,"National American University, Sioux Falls"
511,Xaviera,Glidden,xgliddene6@senate.gov,Female,Universidad Andina del Cusco
512,Carter,McCleverty,cmcclevertye7@gov.uk,Male,"International University of Engineering, Moscow"
513,Cristobal,Seyfart,cseyfarte8@army.mil,Polygender,Universidad Estatal a Distancia
514,Felice,Morecomb,fmorecombe9@360.cn,Male,Beder University
515,Trista,Rivenzon,trivenzonea@arstechnica.com,Female,Universidade Federal de Goiás
516,Guillema,Dakhov,gdakhoveb@princeton.edu,Agender,University of Strathclyde
517,Binni,Kezourec,bkezourecec@jimdo.com,Female,National Kaohsiung Normal University
518,Kaleb,Allabush,kallabushed@xinhuanet.com,Male,Catholic University of the Sacred Heart
519,Kendre,Overland,koverlandee@statcounter.com,Female,University of Florida
520,Stafford,Hickin,shickinef@bigcartel.com,Male,Colgate University
521,Ericka,Simmonds,esimmondseg@cdbaby.com,Bigender,University College of Cape Breton
522,Stuart,Tidmas,stidmaseh@omniture.com,Male,Central Baptist College
523,Leonidas,Haliburn,lhaliburnei@independent.co.uk,Male,Texas A&M University - Commerce
524,Angus,Cheyenne,acheyenneej@marketwatch.com,Male,Walter Sisulu University for Technology and Science
525,Dino,Elis,delisek@mozilla.com,Male,Chaminade University of Honolulu
526,Carleton,Sircomb,csircombel@bing.com,Male,Université de Monastir
527,Letisha,Draisey,ldraiseyem@delicious.com,Agender,Togliatti State University
528,Roxanna,Adger,radgeren@wordpress.org,Agender,Vongchavalitkul University
529,Berti,Cutford,bcutfordeo@slashdot.org,Female,Busoga University
530,Heather,Camis,hcamisep@dedecms.com,Female,Universidade do Minho
531,Hugo,Meier,hmeiereq@disqus.com,Male,Al Azhar University
532,Shaine,Stobie,sstobieer@fotki.com,Female,Pokhara University
533,Thomasina,Kerss,tkersses@state.tx.us,Female,Universidad Bernardo O'Higgins
534,Dulci,Songust,dsongustet@irs.gov,Female,Universidad Pedagogica Nacional
535,Berrie,Franks,bfrankseu@desdev.cn,Female,Chosun University
536,Heloise,Rizzillo,hrizzilloev@hatena.ne.jp,Female,Kardan University
537,Roxanne,Spridgen,rspridgenew@booking.com,Female,Seoul National University
538,Ephraim,Surgener,esurgenerex@elegantthemes.com,Male,Shahid Bahonar University of Kerman
539,Ronnie,Boothe,rbootheey@mysql.com,Female,Oklahoma Baptist University
540,Robbyn,Martinez,rmartinezez@wikipedia.org,Genderqueer,Rajiv Gandhi University
541,Gwen,Eberdt,geberdtf0@berkeley.edu,Female,University of Zululand
542,Kippar,Mackstead,kmacksteadf1@rambler.ru,Male,Shawnee State University
543,Corny,O'Sherin,cosherinf2@psu.edu,Female,San Francisco Art Institute
544,Palmer,Arrighetti,parrighettif3@baidu.com,Male,Anglia Ruskin University
545,Marquita,Gander,mganderf4@spiegel.de,Genderqueer,Yemenia University
546,Kalle,Mongain,kmongainf5@cnn.com,Male,Ecole Superieure des Télécommunications
547,Nalani,Maunton,nmauntonf6@techcrunch.com,Female,Campbellsville College
548,Delcine,Bayless,dbaylessf7@last.fm,Female,University of Gezira
549,Irena,Ravenhills,iravenhillsf8@nymag.com,Female,Texas Woman's University
550,Carolynn,Rogister,crogisterf9@twitpic.com,Bigender,University of Denver
551,Wynnie,Duligal,wduligalfa@pagesperso-orange.fr,Female,Academy of Economics in Wroclaw
552,Jaymie,Goodliffe,jgoodliffefb@yale.edu,Male,National Technical University (Kharkiv Polytechnical Institute)
553,Leif,Bortol,lbortolfc@baidu.com,Male,Stillman College
554,Dru,Coleborn,dcolebornfd@msu.edu,Female,Centro Universitário Barao de Maua
555,Garth,Ferencowicz,gferencowiczfe@whitehouse.gov,Male,National University of Shipbuilding
556,Chelsie,Buckberry,cbuckberryff@google.fr,Female,University of Shiga Prefecture
557,Edi,Compton,ecomptonfg@salon.com,Female,Afghan University
558,Jarrod,Lent,jlentfh@slideshare.net,Male,Hakodate University
559,Maggee,Tuer,mtuerfi@over-blog.com,Female,University of Petroleum (East China)
560,Odelia,Eisikowitz,oeisikowitzfj@tripod.com,Non-binary,Seton Hill College
561,Peder,Millsom,pmillsomfk@businessweek.com,Male,Holar University College
562,Kilian,Oleksiak,koleksiakfl@homestead.com,Male,"Ecole Européenne de Chimie, Polymères et Matériaux de Strasbourg"
563,Kinny,Vaar,kvaarfm@si.edu,Male,University of Petroleum (East China)
564,Sandie,Roderighi,sroderighifn@usatoday.com,Female,St. Bonaventure University
565,Zonnya,Macenzy,zmacenzyfo@wikipedia.org,Female,Pennsylvania State University Great Valley
566,Arleen,Deely,adeelyfp@clickbank.net,Genderfluid,Universitas Semarang
567,Ranique,Caherny,rcahernyfq@jugem.jp,Female,University of South Carolina - Spartanburg
568,Yancy,Renney,yrenneyfr@csmonitor.com,Male,Universidade Estadual de Londrina
569,Vassily,Jeromson,vjeromsonfs@yale.edu,Genderqueer,National Cheng Kung University
570,Meris,Faughey,mfaugheyft@businesswire.com,Female,Etisalat University College
571,Lotta,Syms,lsymsfu@addtoany.com,Female,Moscow State Technical University of Civil Aviation
572,Brynn,Button,bbuttonfv@dyndns.org,Female,University Of Hawaii - System
573,Abie,Bridgwood,abridgwoodfw@last.fm,Male,University of Tennessee - Knoxville
574,Mose,Espy,mespyfx@vkontakte.ru,Male,Yanbian University of Science and Technology
575,Jock,Boig,jboigfy@about.me,Non-binary,Guru Gobind Singh Indraprastha University
576,Clarabelle,Scorey,cscoreyfz@vkontakte.ru,Female,Pontifícia Universidade Católica do Rio de Janeiro
577,Tamara,Gores,tgoresg0@dedecms.com,Genderfluid,Hamadan University of Medical Sciences
578,Zelma,Mounsey,zmounseyg1@woothemes.com,Female,"National American University, Colorado Springs"
579,Nollie,Mothersdale,nmothersdaleg2@plala.or.jp,Male,Vermont Technical College
580,Gladys,Pernell,gpernellg3@sciencedirect.com,Female,Université de Reims Champagne-Ardenne
581,Eolande,Kryszkiecicz,ekryszkieciczg4@hubpages.com,Female,"Institute of Teachers Education, Melaka "
582,Ancell,Goodreid,agoodreidg5@angelfire.com,Male,Far Eastern University
583,Tawsha,Dyers,tdyersg6@devhub.com,Female,Johns Hopkins University
584,Lewes,Shorbrook,lshorbrookg7@ocn.ne.jp,Male,Universidad del Istmo
585,Rufus,Chasemoore,rchasemooreg8@weebly.com,Male,Cukurova University
586,Laird,Fosserd,lfosserdg9@state.tx.us,Male,University of Joensuu
587,Petey,MacIlhargy,pmacilhargyga@oracle.com,Male,University of Wisconsin - Superior
588,Codee,Helversen,chelversengb@google.com.au,Female,Shih Chien University
589,Ivar,Sholl,ishollgc@macromedia.com,Male,George Washington University
590,Casey,Castanyer,ccastanyergd@usgs.gov,Male,University of Music and Fine Arts
591,Taber,Kovacs,tkovacsge@diigo.com,Male,Azusa Pacific University
592,Amelie,MacTimpany,amactimpanygf@yellowbook.com,Female,Minia University
593,Shanan,Laviss,slavissgg@bizjournals.com,Male,Rajarata University of Sri Lanka
594,Carr,Titchener,ctitchenergh@smh.com.au,Male,Singapore Management University
595,Davey,Thaine,dthainegi@google.com,Male,"Politécnico Columbiano ""Jaime Isaza Cadavid"""
596,Patty,Lamberto,plambertogj@state.gov,Male,Thompson Rivers University
597,Sayers,Forward,sforwardgk@berkeley.edu,Male,Canisius College
598,Kelvin,Carillo,kcarillogl@phoca.cz,Male,University of Mississippi
599,Cordell,Davenhall,cdavenhallgm@wix.com,Male,National Hsin-Chu Teachers College
600,Gae,Sommerling,gsommerlinggn@nifty.com,Female,University of Zadar
601,Cammie,Conws,cconwsgo@globo.com,Female,Ulaanbaatar University
602,Valaree,Holwell,vholwellgp@google.com.au,Female,Miyazaki Municipal University
603,Margy,Bennitt,mbennittgq@bing.com,Polygender,Pan-African University
604,Bendix,Korda,bkordagr@kickstarter.com,Male,University of Tennessee - Martin
605,Currey,Leere,cleeregs@about.me,Male,University of Portland
606,Eli,Stollberg,estollberggt@opera.com,Male,Nnamdi Azikiwe University
607,Barbra,Klaiser,bklaisergu@redcross.org,Female,Meio University
608,Rosalyn,Mitchelson,rmitchelsongv@exblog.jp,Female,Carroll College Waukesha
609,Farica,Alwell,falwellgw@epa.gov,Female,Whitworth College
610,Willy,Fladgate,wfladgategx@usa.gov,Male,Lutheran Bible Institute of Seattle
611,Thomasina,Spowart,tspowartgy@skyrock.com,Female,Lenoir-Rhyne College
612,Binny,Tretter,btrettergz@goodreads.com,Female,Omsk State Agrarian University
613,Bernardina,Paintain,bpaintainh0@tinypic.com,Female,University of Dallas
614,Charla,Lennox,clennoxh1@bizjournals.com,Agender,Fundação Educacional de Ituverava
615,Linea,Sivyour,lsivyourh2@trellian.com,Female,Philippine Christian University
616,Myer,Shirley,mshirleyh3@ameblo.jp,Male,Maine Maritime Academy
617,Joann,Cordsen,jcordsenh4@so-net.ne.jp,Female,Xuzhou Normal University
618,Etheline,Godain,egodainh5@statcounter.com,Female,Chiba Institute of Technology
619,Danya,Pacquet,dpacqueth6@bbc.co.uk,Male,"Florida Metropolitan University, Fort Lauderdale College"
620,Ursula,Byatt,ubyatth7@joomla.org,Non-binary,European University Portugal
621,Derek,Wyard,dwyardh8@noaa.gov,Male,University of Dohuk (Kurdistan Region)
622,Scarlet,Dullingham,sdullinghamh9@elegantthemes.com,Female,University of Malta
623,Iormina,Roxbee,iroxbeeha@blogs.com,Female,Cologne Business School
624,Larisa,Spellworth,lspellworthhb@hao123.com,Genderfluid,Melaka Islamic University College
625,Bartel,Brisco,bbriscohc@newsvine.com,Male,American University of Afghanistan
626,Quincey,Blanking,qblankinghd@technorati.com,Male,Sultan Qaboos University
627,Nathan,Beatson,nbeatsonhe@hexun.com,Male,Philadelphia College of Osteopathic Medicine
628,Lay,Lindenbluth,llindenbluthhf@stumbleupon.com,Male,Marymount Manhattan College
629,Barbra,Castiblanco,bcastiblancohg@g.co,Female,College of the Ozarks
630,Dermot,Girault,dgiraulthh@nymag.com,Male,National Dong Hwa University
631,Dael,Dun,ddunhi@homestead.com,Male,Armed Forces Academy of General Milan Rastislav Štefánik
632,Justis,Beckerleg,jbeckerleghj@army.mil,Male,University of Stavanger
633,Erin,Lyons,elyonshk@baidu.com,Male,Tamil University
634,Wilek,Westwater,wwestwaterhl@springer.com,Male,Power and Water Institute of Technology
635,Netta,Bolletti,nbollettihm@google.nl,Genderqueer,Central Radio and TV University
636,Dorelia,Donneely,ddonneelyhn@mapquest.com,Bigender,Bellevue University
637,Ashia,Tregust,atregustho@ask.com,Female,Kobe Gakuin University
638,Earlie,Gleeton,egleetonhp@cnet.com,Polygender,Fukushima Medical College
639,Tiffie,Rawe,trawehq@shinystat.com,Female,University of Montevallo
640,Kienan,MacSporran,kmacsporranhr@phpbb.com,Male,Kazakh British Technical University
641,West,Cary,wcaryhs@histats.com,Male,Indira Gandhi Institute of Medical Sciences
642,Mufi,Harmant,mharmantht@answers.com,Genderfluid,Nara Medical University
643,Wiatt,Sieb,wsiebhu@imgur.com,Male,Instituto Superior Politécnico e Universitário
644,Vic,Kebbell,vkebbellhv@cnn.com,Male,Postgraduate lnstitute of Medical Education and Research
645,Devinne,Acarson,dacarsonhw@uol.com.br,Female,University of Hawaii - West Oahu
646,Ron,Yannikov,ryannikovhx@dmoz.org,Male,Universidad Nacional de Rosario
647,Godart,Norker,gnorkerhy@ifeng.com,Male,Gandhara Institute of Medical Sciences
648,Danit,Jaeggi,djaeggihz@angelfire.com,Female,Alaska Pacific University
649,Bobby,Roughsedge,broughsedgei0@nbcnews.com,Male,Instituto Superior de Informática e Gestão
650,Sheridan,Trowsdall,strowsdalli1@earthlink.net,Male,Emeishan Buddhist College
651,Electra,Reuven,ereuveni2@behance.net,Female,Lakehead University
652,Sanders,Brimicombe,sbrimicombei3@nih.gov,Male,Francis Marion University
653,Marty,Soans,msoansi4@devhub.com,Female,Vikram University
654,Beilul,Simacek,bsimaceki5@google.pl,Female,Universidad Autónoma de Sinaloa
655,Sabra,Moogan,smoogani6@youtube.com,Female,Vennard College
656,Randal,Heinke,rheinkei7@netlog.com,Polygender,Technische Universität München
657,Elmo,Southerden,esoutherdeni8@printfriendly.com,Male,Instituto Superior de Assistentes e Intérpretes
658,Marlena,Manilove,mmanilovei9@disqus.com,Female,Anhui University of Finance and Economics
659,Leoine,Thieme,lthiemeia@cbslocal.com,Female,Christchurch Polytechnic Institute of Technology
660,Putnam,Borgnet,pborgnetib@list-manage.com,Male,Dutch University Institute for Art History (DUIA)
661,Ebenezer,McDonell,emcdonellic@lulu.com,Male,ITT Technical Institute Indianapolis
662,Samara,Kubasek,skubasekid@woothemes.com,Non-binary,Universidad Central del Este
663,Hilarius,O'Shea,hosheaie@java.com,Male,University of Science and Culture
664,Moses,Skule,mskuleif@goo.ne.jp,Male,Stephen F. Austin State University
665,Gibby,Hewins,ghewinsig@comcast.net,Male,Université François Rabelais de Tours
666,Alric,Terbrugge,aterbruggeih@accuweather.com,Male,Gdynia Maritime Academy
667,Rhys,Allain,rallainii@telegraph.co.uk,Male,California Coast University
668,Aldus,Caesmans,acaesmansij@ucoz.com,Male,North South University
669,Glad,Torra,gtorraik@globo.com,Female,Fachhochschule Merseburg
670,Marlee,Hammerberger,mhammerbergeril@plala.or.jp,Female,Hanseo University
671,Palm,Bedome,pbedomeim@home.pl,Male,James Cook University of North Queensland
672,Kathlin,Helks,khelksin@go.com,Female,Royal College of Surgeons
673,Dani,Jebb,djebbio@livejournal.com,Male,Tatung Institute of Technology
674,Franky,Merrall,fmerrallip@aol.com,Male,Kinki University
675,Aileen,Dobbs,adobbsiq@yahoo.co.jp,Female,Universität Passau
676,Ada,Longthorn,alongthornir@ehow.com,Female,North Georgia College
677,Leoline,Ridler,lridleris@istockphoto.com,Female,University of Texas at Brownsville
678,Lisetta,Helis,lhelisit@bing.com,Female,Preston University
679,Mela,Jakubczyk,mjakubczykiu@webmd.com,Female,Centro de Estudios Universitarios Monterrey
680,Reina,Boniface,rbonifaceiv@a8.net,Female,Sheridan College
681,Dwight,Loveredge,dloveredgeiw@naver.com,Male,Shri Mata Vaishno Devi University
682,Obadias,Belverstone,obelverstoneix@zimbio.com,Male,Finnmark University College
683,Rustin,Cristobal,rcristobaliy@cornell.edu,Male,Jilin University of Technology
684,Jillene,Greenwell,jgreenwelliz@europa.eu,Female,Kentucky Christian College
685,Janina,Shurrocks,jshurrocksj0@hostgator.com,Female,Pedagogical University of Czestochowa
686,Audi,Demer,ademerj1@livejournal.com,Female,Universidad Adventista Dominicana
687,Jozef,Bettleson,jbettlesonj2@rakuten.co.jp,Male,Fundación Universitaria Luis Amigó
688,Baird,Auckland,baucklandj3@newsvine.com,Male,Trinity College Carmarthen
689,Joy,Albury,jalburyj4@alexa.com,Female,Ulyanovsk State Technical University
690,Fitz,Leavesley,fleavesleyj5@nbcnews.com,Male,Segi University College
691,Andre,Brinkley,abrinkleyj6@blogspot.com,Male,Universidad del Desarrollo
692,Lexi,Sporner,lspornerj7@example.com,Female,Antioch New England Graduate School
693,Damara,MacDavitt,dmacdavittj8@unc.edu,Female,Universidad de las Américas - Puebla
694,Sissie,Affuso,saffusoj9@t-online.de,Female,Medical University Plovdiv
695,Rip,Cocher,rcocherja@nps.gov,Male,"Universidad Laica ""Vicente Rocafuerte"" de Guayaquil"
696,Yolanthe,Cutchey,ycutcheyjb@elpais.com,Female,Université de Lubumbashi
697,Roland,Pettiford,rpettifordjc@mysql.com,Male,Virtual University of Pakistan
698,De witt,Helversen,dhelversenjd@tumblr.com,Male,Centenary College
699,Conney,Godly,cgodlyje@skype.com,Male,Universidad Autónoma de Aguascalientes
700,Rafi,Antonin,rantoninjf@cdc.gov,Male,Universidad de Huánuco
701,Pauly,Duffield,pduffieldjg@usda.gov,Male,Wilmington College
702,Crissie,Scowcraft,cscowcraftjh@google.ru,Female,Slovak University of Agriculture in Nitra
703,Connie,Willcott,cwillcottji@google.co.uk,Female,Shenzhen University
704,Bradley,Rookesby,brookesbyjj@globo.com,Male,Belgorod State Agricultural Academy
705,Sanderson,Sandlin,ssandlinjk@msu.edu,Male,"Institute of Management Sciences, Peshawar"
706,Lauryn,Simmill,lsimmilljl@jalbum.net,Female,Universidad Nacional del Centro del Perú
707,Shaylynn,Liddel,sliddeljm@bluehost.com,Female,North Carolina Agricultural and Technical State University
708,Katha,Chardin,kchardinjn@about.com,Female,Hokkaido Institute of Technology
709,Felita,Jacop,fjacopjo@bbb.org,Female,Rochester Institute of Technology
710,Amalita,Salle,asallejp@reddit.com,Female,Jerusalem University College
711,Jana,MacConnel,jmacconneljq@prlog.org,Female,Universidade Estadual de Londrina
712,Kyrstin,Filson,kfilsonjr@mit.edu,Female,Dunya Institute of Higher Education
713,Lorinda,Rizzardo,lrizzardojs@goodreads.com,Female,University of Venice
714,Alida,Atty,aattyjt@epa.gov,Female,Trinity Theological Seminary
715,Katusha,Chadbourne,kchadbourneju@liveinternet.ru,Female,Université des Sciences et de la Technologie d'Oran
716,Janelle,McCullen,jmccullenjv@arstechnica.com,Female,Eastern University
717,Nancee,Geddes,ngeddesjw@vkontakte.ru,Female,Universidade Salgado de Oliveira
718,Urbain,Jedrych,ujedrychjx@tuttocitta.it,Male,Hertie School of Governance
719,Dodi,Corballis,dcorballisjy@feedburner.com,Female,Free University (Virginia Theological University)
720,Juieta,Matula,jmatulajz@simplemachines.org,Female,Aimst University
721,Eachelle,Strang,estrangk0@mayoclinic.com,Female,Modern Institute of Managament
722,Doroteya,McSkeagan,dmcskeagank1@cocolog-nifty.com,Female,Konkan Agricultural University
723,Susy,Lohmeyer,slohmeyerk2@slideshare.net,Female,Universidad Salesiana
724,Rosmunda,Slowley,rslowleyk3@utexas.edu,Female,Swami Ramanand Teerth Marathwada University
725,Goldy,Trebble,gtrebblek4@ustream.tv,Female,National University of Kiev-Mohyla Academy
726,Starlin,Batty,sbattyk5@addtoany.com,Female,Universidad de Concepcion
727,Sianna,Howes,showesk6@vkontakte.ru,Female,Universidade Estadual do Maranhão
728,Beatrice,Upjohn,bupjohnk7@cargocollective.com,Female,"Cleveland Chiropractic College, Los Angeles"
729,Florry,Samuel,fsamuelk8@youtu.be,Female,Lander University
730,Jamesy,Arens,jarensk9@latimes.com,Male,Southern Medial University
731,Melantha,Di Biagi,mdibiagika@shinystat.com,Female,Wilmington College
732,Linus,Goalley,lgoalleykb@bigcartel.com,Male,Okayama University of Science
733,Esra,Crosetto,ecrosettokc@globo.com,Male,Gaborone Universal College of Law
734,Sandy,Howard - Gater,showardgaterkd@sitemeter.com,Male,Stockholm School of Economics in Riga
735,Devin,Sear,dsearke@paginegialle.it,Female,Universidad Autónoma del Paraguay
736,Wilek,Persich,wpersichkf@g.co,Bigender,Zhengzhou University of Technology
737,Annmarie,Chiommienti,achiommientikg@samsung.com,Female,Carlos Albizu University
738,Terrance,Lytell,tlytellkh@weather.com,Male,University of St. Cyril and Methodius in Trnava
739,Donica,Hearthfield,dhearthfieldki@w3.org,Female,Universidad Rafael Urdaneta
740,Renard,Suermeiers,rsuermeierskj@booking.com,Male,Takarazuka University of Art and Design
741,Kristy,Filipczak,kfilipczakkk@mashable.com,Female,Riara University School of Business and Law
742,Dorella,Jessep,djessepkl@miibeian.gov.cn,Female,Royal Military Academy
743,Kelcie,Britland,kbritlandkm@economist.com,Female,Yokohama College of Commerce
744,Dar,Kingsnode,dkingsnodekn@wikimedia.org,Male,"Akrofi-Christaller Institute of Theeology, Mission and  Culture"
745,Nate,Masi,nmasiko@google.co.jp,Male,University of Texas Health Center at Houston
746,Clayborne,Sampson,csampsonkp@squarespace.com,Male,Universidad Nacional Federico Villarreal
747,Zorana,Scrowston,zscrowstonkq@example.com,Female,Philosophisch-Theologische Hochschule Münster
748,Prissie,O'Malley,pomalleykr@mit.edu,Female,Universidad Politécnica de Madrid
749,Gwendolen,Novakovic,gnovakovicks@ucla.edu,Female,"Music Academy ""Karol Lipinski"" in Wroclaw"
750,Felisha,Coard,fcoardkt@plala.or.jp,Female,California Maritime Academy
751,Henry,Whapple,hwhappleku@dedecms.com,Agender,Punjab Institute of Computer science
752,Hamish,Fri,hfrikv@about.me,Male,Odessa National I.I. Mecnikov University
753,Genny,Sails,gsailskw@altervista.org,Female,Southwestern University
754,Debera,Boyd,dboydkx@phpbb.com,Female,Kaohsiung Medical College
755,Alyce,Bazely,abazelyky@reuters.com,Female,Universidad de Ciencias y Humanidades
756,Brew,Trubshaw,btrubshawkz@booking.com,Male,Capital University of Medical Sciences
757,Yank,Goad,ygoadl0@dropbox.com,Male,Randolph-Macon Woman's College
758,Aprilette,Garci,agarcil1@istockphoto.com,Female,Epoka University
759,Christina,Alans,calansl2@privacy.gov.au,Female,Nippon Veterinary and Animalscience University
760,Ansley,Dove,adovel3@tiny.cc,Female,Clark Atlanta University
761,Inglebert,Daddow,idaddowl4@rambler.ru,Male,Palawan State University
762,Neron,Guiness,nguinessl5@cyberchimps.com,Male,Technical University of Timisoara
763,Addie,Prati,apratil6@google.es,Male,University of Ontario Institute of Technology
764,Mable,Maylor,mmaylorl7@columbia.edu,Female,Escola Nautica Infante D. Henrique
765,Ealasaid,Speerman,espeermanl8@illinois.edu,Female,Presbyterian College
766,Hubert,Avrahamov,havrahamovl9@arizona.edu,Male,Akita University
767,Brander,Mapowder,bmapowderla@wisc.edu,Male,Leeds Metropolitan University
768,Jervis,Cottage,jcottagelb@howstuffworks.com,Male,Norton University
769,Janet,Stebbings,jstebbingslc@vkontakte.ru,Non-binary,Mongolian University of Science and Technology
770,Zed,MacCosto,zmaccostold@indiatimes.com,Male,"Universidad Nacional Experimental ""Rafael Maria Baralt"""
771,Estele,Baumber,ebaumberle@epa.gov,Female,Qufu Normal University
772,Davine,O'Hara,doharalf@sogou.com,Female,Alagappa University
773,Wolf,Snedker,wsnedkerlg@oracle.com,Male,Wakkanai Hokusei Gakuen University
774,Louella,Sutter,lsutterlh@google.fr,Female,Qom University
775,Antonietta,Paynton,apayntonli@loc.gov,Female,Eastern Nazarene College
776,Titos,Winterson,twintersonlj@naver.com,Male,Deen Dayal Upadhyay Gorakhpur University
777,Amaleta,Whawell,awhawelllk@youku.com,Non-binary,"National Academy of Music ""Pantcho Vladigerov"""
778,Karney,Muzzullo,kmuzzulloll@ning.com,Male,Macquarie University
779,Dougy,Dawbery,ddawberylm@globo.com,Male,Spelman College
780,Pearla,Congreve,pcongreveln@upenn.edu,Bigender,Strayer University
781,Palm,Greenless,pgreenlesslo@yandex.ru,Male,Universidad de Holguín
782,Link,Rabbet,lrabbetlp@europa.eu,Male,Columbia College Chicago
783,Jo-ann,Thoms,jthomslq@freewebs.com,Female,Westminster International University in Tashkent
784,Herculie,Wyleman,hwylemanlr@un.org,Non-binary,Ungku Omar Premier Polytechnic
785,Farris,Opy,fopyls@rambler.ru,Male,Lithunian Academy of Music and Theatre
786,Deerdre,Vezey,dvezeylt@yale.edu,Female,Cogswell Polytechnical College
787,Sauncho,Fitzsymon,sfitzsymonlu@spiegel.de,Bigender,"Polytechnic University, Long Island Campus"
788,Nona,Twiddy,ntwiddylv@mit.edu,Female,Zhengda Software College
789,Edwin,Hagston,ehagstonlw@mail.ru,Male,Northwest Polytechnical University Xi'an
790,Harold,Nevins,hnevinslx@spiegel.de,Male,Universidade de Mogi das Cruzes
791,Morrie,Bisseker,mbissekerly@telegraph.co.uk,Male,Brown University
792,Isis,Suarez,isuarezlz@google.com.hk,Female,Tilak Maharashtra Vidyapeeth
793,Ignacius,Hugnin,ihugninm0@engadget.com,Male,Deylaman Institute of Higher Education
794,Padgett,Risborough,prisboroughm1@cyberchimps.com,Male,Faculdade Jaguariúna
795,Jodi,Gooderidge,jgooderidgem2@narod.ru,Male,Richard Stockton College of New Jersey
796,Jelene,Flucker,jfluckerm3@boston.com,Female,Tianjin University
797,Alyssa,Radborne,aradbornem4@desdev.cn,Female,"Institute of Advanced Legal Studies, University of London"
798,Mason,Cheston,mchestonm5@clickbank.net,Male,Orissa University of Agriculture and Technology
799,Peggy,McCauley,pmccauleym6@admin.ch,Female,Karelian State Pedagogical University
800,Ferrel,Antognozzii,fantognozziim7@godaddy.com,Male,North Carolina School of the Arts
801,Paquito,Chopy,pchopym8@admin.ch,Male,Roskilde University
802,Ambrosius,Yukhnin,ayukhninm9@printfriendly.com,Male,Universidad de Ciencias y Artes de Chiapas
803,Bondie,Goff,bgoffma@nsw.gov.au,Male,Faisalabad Institute of Textile and Fashion Design
804,Winifred,Laborde,wlabordemb@wunderground.com,Female,Sichuan Agricultural University
805,Gustaf,Cloutt,gclouttmc@vinaora.com,Male,Inner Mongolia University
806,Aluin,Fosdick,afosdickmd@wunderground.com,Male,Universidad Autónoma Metropolitana - Azcapotzalco
807,Vikki,Hubbock,vhubbockme@newsvine.com,Female,"Northwood University, Florida Campus"
808,Gianna,Speachley,gspeachleymf@house.gov,Female,Shimane University
809,Elana,Ivashintsov,eivashintsovmg@ebay.co.uk,Female,Shanxi Normal University
810,Britte,Bearn,bbearnmh@mit.edu,Female,Nagasaki Institute of Applied Science
811,Simmonds,Leguay,sleguaymi@opera.com,Male,Ueno Gakuen College
812,Donnie,De Michele,ddemichelemj@oakley.com,Male,LICCSAL Business College
813,Cilka,McOwan,cmcowanmk@thetimes.co.uk,Female,Yanbian University of Science and Technology
814,Shelagh,Scarrott,sscarrottml@dyndns.org,Female,"Universidad de Puerto Rico, Cayey"
815,Genevra,Pree,gpreemm@mlb.com,Female,Ho Chi Minh City University of Architecture
816,Alastair,Parncutt,aparncuttmn@weather.com,Male,Bennett College
817,Nancie,Bilsborrow,nbilsborrowmo@washingtonpost.com,Female,Morris College
818,Fianna,MacRonald,fmacronaldmp@google.com.hk,Female,Université du Québec en Abitibi-Témiscamingue
819,Gwendolin,Rosenbusch,grosenbuschmq@bloomberg.com,Female,Armenian State Agrarian University
820,Cathleen,Easey,ceaseymr@360.cn,Female,Nizhny Novgorod State University
821,Huntington,Manuely,hmanuelyms@geocities.com,Male,Bells University of Technology
822,Mommy,Lawn,mlawnmt@economist.com,Female,Technological University (Pakokku)
823,Benedetto,Stormouth,bstormouthmu@home.pl,Male,Bangladesh University of Professionals
824,Aggi,Vibert,avibertmv@wikimedia.org,Female,Sanno University
825,Mora,Thorogood,mthorogoodmw@spiegel.de,Female,Nanjing University of Aeronautics and Astronautics
826,Ashlie,Scholz,ascholzmx@privacy.gov.au,Female,Utah Valley State College
827,Ryann,Lismore,rlismoremy@123-reg.co.uk,Female,Université Épiscopale d'Haiti
828,Lizette,Melior,lmeliormz@networkadvertising.org,Female,University of Montana Western
829,Magdaia,Caush,mcaushn0@stumbleupon.com,Female,University of Eastern Philippines
830,Guy,Petzold,gpetzoldn1@php.net,Male,Université de Bandundu Ville
831,Morgan,Comport,mcomportn2@unc.edu,Female,Espam Formation University
832,Tammie,Bryceson,tbrycesonn3@craigslist.org,Female,"Concordia College, Moorhead"
833,Gertrude,Kidder,gkiddern4@va.gov,Non-binary,Universitas Kristen Petra
834,Rance,Mingard,rmingardn5@cnbc.com,Male,Université Blaise Pascal (Clermont-Ferrand II)
835,Arte,Stubbe,astubben6@wix.com,Male,China Agriculture University East
836,Had,Beefon,hbeefonn7@globo.com,Male,Tokyo University of Agriculture and Technology
837,Adda,Akitt,aakittn8@goo.ne.jp,Female,Perm State Pharmaceutical Academy
838,Datha,Testo,dteston9@npr.org,Female,Adventist University of Central Africa
839,Khalil,Artharg,karthargna@china.com.cn,Male,Anglo-American University
840,Bird,Brotherton,bbrothertonnb@tumblr.com,Female,Szent István University
841,Charley,Pasley,cpasleync@google.com,Male,University Oil- Gas Ploiesti
842,Chrystel,Weatherley,cweatherleynd@intel.com,Female,Aomori University
843,Cassandra,Brownstein,cbrownsteinne@nyu.edu,Female,Universidad Tecnológica Oteima
844,Franky,Stenhouse,fstenhousenf@newsvine.com,Male,Dares Salaam Institute of Technology
845,Frank,Kenforth,fkenforthng@cloudflare.com,Female,Pikeville College
846,Royce,Goodbourn,rgoodbournnh@ucoz.com,Male,Kigali Health Institute
847,Lisha,Maryin,lmaryinni@networksolutions.com,Female,Presbyterian University College
848,Domenico,Colby,dcolbynj@acquirethisname.com,Male,University of Tromsø
849,Zsazsa,Feldklein,zfeldkleinnk@quantcast.com,Female,Université de Poitiers
850,Gay,Killbey,gkillbeynl@cmu.edu,Female,South Texas College of Law
851,Alfi,Jedras,ajedrasnm@nps.gov,Female,Kyrgyz Russian Slavic University
852,Toddy,Flageul,tflageulnn@barnesandnoble.com,Male,Université de Marne la Vallée
853,Nev,Rannie,nrannieno@hexun.com,Male,Instituto Politecnico do Porto
854,Adriena,Pauletto,apaulettonp@deviantart.com,Bigender,Robert Morris College
855,Dar,Pleming,dplemingnq@vimeo.com,Agender,Liberty University
856,Cathryn,Crowson,ccrowsonnr@miitbeian.gov.cn,Female,University of Burdwan
857,Izabel,Laffling,ilafflingns@yellowbook.com,Female,Islamic College for Sciences and Technologies
858,Biron,Hume,bhument@berkeley.edu,Male,Hanoi Open University
859,Mattias,Kaasmann,mkaasmannnu@bloglovin.com,Male,Keiai University
860,Annelise,Croydon,acroydonnv@sciencedirect.com,Female,Universitas Indonesia
861,Orson,Tomik,otomiknw@bluehost.com,Male,"National American University, Colorado Springs"
862,Marcos,Celes,mcelesnx@skyrock.com,Male,"Troy University, Dothan"
863,Moina,Chiles,mchilesny@taobao.com,Female,Universidad de Granma
864,Dallis,Derry,dderrynz@nytimes.com,Male,University of Alabama - Tuscaloosa
865,Rosa,Spadaro,rspadaroo0@slate.com,Female,Helwan University
866,Nolie,Joseland,njoselando1@usnews.com,Female,Guizhou University
867,Eugenia,Somerset,esomerseto2@vimeo.com,Female,Universidad Francisco de Paula Santander
868,Dorolisa,Dri,ddrio3@shop-pro.jp,Female,Zanjan University of Medical Sciences
869,Darrelle,Betterton,dbettertono4@shareasale.com,Female,Ufa State Petroleum Technological University
870,Aubrette,Hrycek,ahryceko5@ucsd.edu,Female,Alvernia College
871,La verne,Whimper,lwhimpero6@behance.net,Female,Lycoming College
872,Herbie,Flintoff,hflintoffo7@hugedomains.com,Non-binary,"Institute of Teachers Education, Malay Language"
873,Isac,Vamplers,ivamplerso8@vistaprint.com,Male,Escuela Politécnica Nacional
874,Greta,Rosenauer,grosenauero9@wikipedia.org,Female,Athlone Institute of Technology
875,Kellia,Burnsyde,kburnsydeoa@unblog.fr,Female,Olympia College
876,Shandie,Durdy,sdurdyob@ucoz.ru,Female,Odense University
877,Darrelle,Sterndale,dsterndaleoc@shutterfly.com,Female,Universidad Politecnica de Nicaragua
878,Brig,Ivushkin,bivushkinod@over-blog.com,Male,St. Joseph College
879,Shurlocke,Diviny,sdivinyoe@github.io,Male,Northern Illinois University
880,Melva,Marciek,mmarciekof@yale.edu,Non-binary,Chuka University
881,Caspar,Lightewood,clightewoodog@nbcnews.com,Male,"California State University, Los Angeles"
882,Donaugh,Eads,deadsoh@privacy.gov.au,Male,University of Zululand
883,Codie,Najera,cnajeraoi@gizmodo.com,Male,DePauw University
884,Orsola,Goaks,ogoaksoj@fotki.com,Female,Universitas 17 Agustus 1945 Cirebon
885,Ripley,MacParland,rmacparlandok@usda.gov,Male,Kazan State University
886,Chad,Mulhall,cmulhallol@drupal.org,Female,National Taiwan College of Physical Education and Sports
887,Donnamarie,Iveson,divesonom@symantec.com,Female,Berry College
888,Corbet,Masson,cmassonon@e-recht24.de,Male,Showa University
889,Tadio,Alvaro,talvarooo@tripadvisor.com,Bigender,Daebul University
890,Amargo,Bracher,abracherop@soundcloud.com,Female,Norwegian University of Life Sciences
891,Sully,Rubinovitch,srubinovitchoq@amazon.co.uk,Male,"Indian Institute of Technology, Hyderabad"
892,Helga,Gamwell,hgamwellor@smh.com.au,Female,Ryazan State Pedagogical University
893,Olivier,Lorait,oloraitos@networksolutions.com,Male,Universitas Ibn Chaldun Jakarta
894,Kahaleel,Brandrick,kbrandrickot@hubpages.com,Male,Institut Teknologi Bandung
895,Aguie,Breache,abreacheou@skyrock.com,Male,Armstrong University
896,Hugues,Prout,hproutov@pinterest.com,Male,Edgewood College
897,Doe,Gurnell,dgurnellow@newyorker.com,Female,Ural State Technical University
898,Lonny,Parkman,lparkmanox@fda.gov,Male,Yukon College
899,Dylan,Goldthorp,dgoldthorpoy@etsy.com,Male,Donau-Universität Krems
900,Trevor,Jacques,tjacquesoz@google.com.br,Male,Chongqing University
901,Ario,Heinrich,aheinrichp0@indiatimes.com,Male,Universidad Autónoma de Fresnillo
902,Torey,Labone,tlabonep1@mit.edu,Genderfluid,National Metallurgical Academy of Ukraine
903,Harriet,Baldazzi,hbaldazzip2@topsy.com,Female,University of the Sciences in Philadelphia
904,Babbie,Clemoes,bclemoesp3@huffingtonpost.com,Female,University of Montenegro
905,Ebeneser,Kocher,ekocherp4@time.com,Male,National Taiwan College of the Arts
906,Mattheus,Chatwin,mchatwinp5@icq.com,Male,Virgen Milagrosa University Foundation
907,Marchall,Pohlke,mpohlkep6@ucsd.edu,Male,"Universidad Autónoma ""Benito Juárez"" de Oaxaca"
908,Lalo,Ballinger,lballingerp7@1688.com,Male,Bethlehem University
909,Carlos,Seddon,cseddonp8@qq.com,Male,Universidad del Rosario
910,Uta,Di Iorio,udiioriop9@indiatimes.com,Female,Instituto Politécnico de Coimbra
911,Tabbie,Burnsell,tburnsellpa@seesaa.net,Male,Ringling College of Art and Design
912,Allen,Alleyn,aalleynpb@yellowbook.com,Male,University of Foggia
913,Ermentrude,Dohmer,edohmerpc@go.com,Female,Universidad del Valle del Cauca
914,Donovan,Emlen,demlenpd@edublogs.org,Non-binary,Libyan International Medical University (LIMU)
915,Corabel,Worsnup,cworsnuppe@wired.com,Female,Kilimanjaro Christian Medical College
916,Jacinda,Kembery,jkemberypf@nationalgeographic.com,Female,Northern Virginia Community College
917,Gaston,Davidowsky,gdavidowskypg@bandcamp.com,Male,Universitat Rovira I Virgili Tarragona
918,Tricia,Borrington,tborringtonph@noaa.gov,Female,Universidade Estadual do Vale do Acaraú
919,Felike,Dabourne,fdabournepi@macromedia.com,Genderfluid,Business and Hotel Management School
920,Percy,Sutcliffe,psutcliffepj@pen.io,Male,Tusculum College
921,Jonathon,Tine,jtinepk@slate.com,Male,Rajasthan Technical University
922,Michell,Ferrierio,mferrieriopl@opera.com,Female,Ecole Nationale Supérieure de Chimie de Clermont-Ferrand
923,Adams,Tupp,atupppm@mac.com,Male,"Curtin University of Technology, Sarawak Campus"
924,Kellen,Ridsdole,kridsdolepn@telegraph.co.uk,Male,Mofid University
925,Pate,Slowcock,pslowcockpo@bbb.org,Male,Dhirubhai Ambani Institute of Information and Communication Technology
926,Eduard,Flucks,efluckspp@technorati.com,Male,"National American University, Denver"
927,Tanya,Brookshaw,tbrookshawpq@de.vu,Female,Voronezh State Pedagogical University
928,Meredith,Stallen,mstallenpr@sina.com.cn,Female,Universidad de San Buenaventura Medellin
929,Sybyl,Bariball,sbariballps@soundcloud.com,Female,Mount Union College
930,Adriano,Welman,awelmanpt@flavors.me,Male,University of Western Australia
931,Solly,Bille,sbillepu@fastcompany.com,Bigender,University of Perugia
932,Balduin,Makey,bmakeypv@dyndns.org,Genderfluid,"Northwood University, Texas Campus"
933,Axel,Penhalurick,apenhalurickpw@epa.gov,Male,University of NorthWest
934,Mordy,Illes,millespx@google.com,Male,Institut des hautes études économiques et commerciales
935,Moshe,Stephen,mstephenpy@list-manage.com,Male,Point Park College
936,Kimble,Hatherley,khatherleypz@pcworld.com,Male,Arid Agriculture University
937,Mattie,Cunnah,mcunnahq0@example.com,Male,Kalinga University
938,Lisle,Lorinez,llorinezq1@businesswire.com,Male,Shahid Bahonar University of Kerman
939,Thorn,Capozzi,tcapozziq2@craigslist.org,Male,Alagappa University
940,Tandi,Joscelyne,tjoscelyneq3@furl.net,Female,Ho Chi Minh City University of Technology
941,Nowell,Maypole,nmaypoleq4@trellian.com,Male,Rani Durgavati University
942,Elora,Marguerite,emargueriteq5@jalbum.net,Female,Allahabad University
943,Rosemonde,Curtiss,rcurtissq6@psu.edu,Female,Krishna University
944,Laurence,Jaquemar,ljaquemarq7@artisteer.com,Male,Polytechnic of Namibia
945,Cairistiona,Adami,cadamiq8@hubpages.com,Female,Mohammad Ali Jinnah University
946,Darius,Dudley,ddudleyq9@latimes.com,Male,Royal lnstitute of Technology
947,Andrey,Visco,aviscoqa@freewebs.com,Agender,Universidad Nacional de San Agustin
948,Danna,Walewski,dwalewskiqb@merriam-webster.com,Female,Universitas Cenderawasih
949,Tristan,McNeilly,tmcneillyqc@virginia.edu,Male,Universität Koblenz-Landau
950,Paulie,Hadwin,phadwinqd@bbb.org,Female,"National American University, Kansas City"
951,Cirstoforo,Monan,cmonanqe@ted.com,Male,Hope College
952,Peirce,Ballay,pballayqf@squarespace.com,Male,University of Vermont
953,Jacobo,d' Eye,jdeyeqg@webs.com,Male,London Institute of Management and Technology
954,Belva,Campion,bcampionqh@tuttocitta.it,Female,"American University of the Caribbean, Sint Maarten"
955,Renaud,Postance,rpostanceqi@163.com,Male,Kerman University of Medical Sciences
956,Mel,Branton,mbrantonqj@who.int,Male,Hemwati Nandan Bahuguna Garhwal University
957,Lelia,Hebblethwaite,lhebblethwaiteqk@globo.com,Bigender,"Royal Free Hospital School of Medicine, University of London"
958,Milissent,Wharrier,mwharrierql@webeden.co.uk,Female,State University of New York College at Old Westbury
959,Burr,Luckhurst,bluckhurstqm@shop-pro.jp,Male,Sibelius Academy
960,Read,Neal,rnealqn@virginia.edu,Male,Open University of the Netherlands
961,Brigitta,MacCombe,bmaccombeqo@t-online.de,Female,International University of Novi Pazar
962,Kenneth,Robberts,krobbertsqp@ameblo.jp,Male,"Academy of Performing Arts, Film and TV Fakulty"
963,Annalee,Wisdish,awisdishqq@howstuffworks.com,Female,Tsinghua University
964,Gradey,Keir,gkeirqr@oracle.com,Genderqueer,Tokyo Woman's Christian University
965,Cary,Kasbye,ckasbyeqs@blog.com,Female,Hansei University
966,Job,Flanagan,jflanaganqt@examiner.com,Male,Université de Toliary
967,Davidde,Huguet,dhuguetqu@hexun.com,Male,Westwood College
968,Normand,Gentzsch,ngentzschqv@rakuten.co.jp,Male,Universidad de Ciencias Empresariales y Sociales
969,Cristin,Philippou,cphilippouqw@google.cn,Female,Darul Huda Islamic University
970,Arden,Pouton,apoutonqx@aol.com,Female,Athens Graduate School of Management (AGSM)
971,Morena,Hunnable,mhunnableqy@gmpg.org,Female,Dubai Pharmacy College
972,Herbie,Cottingham,hcottinghamqz@reddit.com,Male,Université Chrétienne du Nord d'Haiti
973,Valentino,Hanse,vhanser0@wiley.com,Male,Thapar Institute of Engineering and Technology
974,Lancelot,Krimmer,lkrimmerr1@google.com.au,Male,Hilbert College
975,Anjela,Hucke,ahucker2@ovh.net,Female,Maharishi University of Management
976,Lowrance,Axton,laxtonr3@zimbio.com,Male,University of Parma
977,Johnna,Giordano,jgiordanor4@people.com.cn,Female,Polish Open University in Warsaw (WSZ/POU)
978,Karylin,Olenin,koleninr5@pinterest.com,Female,"Fachhochschule Schwäbisch Gmünd, Hochschule für Gestaltung"
979,Laura,Jahn,ljahnr6@macromedia.com,Female,Minnesota School of Professional Psychology
980,Tom,Trusty,ttrustyr7@delicious.com,Male,Universidad del Turabo
981,Seymour,Hudel,shudelr8@npr.org,Male,Rochester Institute of Technology
982,Gillian,Wedmore,gwedmorer9@prlog.org,Female,Faisalabad Institute of Textile and Fashion Design
983,Nadean,Ramard,nramardra@bloglovin.com,Female,Trisakti Institute of Tourism 
984,Jolynn,Heimann,jheimannrb@businessinsider.com,Female,Universitas Bengkulu
985,Shana,Capini,scapinirc@apache.org,Genderqueer,University of the Western Cape
986,Aloisia,Elster,aelsterrd@cpanel.net,Female,University of Victoria
987,Tisha,Story,tstoryre@amazon.co.uk,Female,Aalborg Business College
988,Elfrida,Barge,ebargerf@chron.com,Female,Universidad Católica de Occidente
989,Sigfried,Hares,sharesrg@linkedin.com,Male,Alhamd Islamic University
990,Celka,McQuie,cmcquierh@zdnet.com,Female,Sanyo Gakuen University
991,Etta,Baack,ebaackri@cisco.com,Female,Southern University - Shreveport
992,Monique,Woodes,mwoodesrj@csmonitor.com,Female,Grenoble Ecole de Management
993,Meta,Gosnold,mgosnoldrk@google.com.br,Agender,"Islamic Azad University, North Tehran"
994,Will,O'Cuddie,wocuddierl@baidu.com,Male,"American University of Iraq, Sulaimani (Kurdistan Region)"
995,Bertram,Jobbing,bjobbingrm@mediafire.com,Male,Universitas Brawijaya
996,Fancy,Powe,fpowern@princeton.edu,Female,Hawaii Pacific University
997,Madlen,Remer,mremerro@apache.org,Female,Laurentian University of Sudbury
998,Brnaby,Metheringham,bmetheringhamrp@un.org,Male,Celal Bayar University
999,Dasie,Tremethack,dtremethackrq@webnode.com,Female,Politeknik Negeri Malang
1000,Nikaniki,Barron,nbarronrr@sphinn.com,Female,Lafayette College
